id;pm_type;jhi_key;kcv;status;de_01;de_02;de_03;de_04;de_05
1;PIN;"dpKl4";"HaM";true;Principal South Carolina circuit;intuitive firewall;Nevada Baby pink;Central 3rd generation;Plastic Innovative
2;MAC;"ZMseE";"APY";false;Consultant;leading-edge Personal Loan Account;holistic Auto Loan Account;Toys generating Wyoming;Developer Generic Fantastic Concrete Chips
3;PIN;"";"zFIe";true;withdrawal CSS withdrawal;Burundi Franc Concrete;Generic orchestration;Integration Handcrafted silver;Avon
4;MAC;"a";"bwVZ0";true;orchid maximized Forward;Fresh bypass;optical clicks-and-mortar deposit;Security Intelligent;Assurance
5;PIN;"O2a";"";false;Texas Small Plastic;Internal;challenge rich Strategist;Baby;Incredible Nevada
6;MAC;"NA";"kLw9";false;holistic database embrace;product Quality Towels;Representative Virginia;system;JSON Frozen capacitor
7;MAC;"wD4SP";"MXva";true;approach Operative schemas;cross-platform Central African Republic unleash;Refined e-tailers;Grocery Implementation;mint green
8;PIN;"S";"RpEUb";true;Circle Program;hybrid Multi-tiered maroon;innovative withdrawal;exploit Borders;Inlet grey Unbranded Rubber Chips
9;PIN;"5D";"P56u";true;transmitter Yemen Baby;Designer hack haptic;deposit;auxiliary;Savings Account
10;MAC;"";"MVhpF";true;Plains Central;e-commerce;back up;Public-key Tanzanian Shilling Credit Card Account;Gorgeous functionalities
